address,UNIX TIME
0x5f799f365fa8a2b60ac0429c48b153ca5a6f0cf8,1641406203
0xa31fa3a404e79b24f865d1281b546bc3028b404b,1641495225
0xe0153aeccc9cf3dd2a2ce151c6bd61f8f1990cc6,1641518665
0xc3c2d67fa42525737a4906e6a9e3c5f8a4a2ad73,1641518805
0x65b1e8c2963ed03b4995500ddab10414a541783d,1641521844
0xad7eefe687a7217fad775fc8c4deec1b122c071e,1641521987
0xabebdb7d35f38d519d1c3ed72d3975424f420417,1641523185
0x27d1e502966c5d939451f23e54a5bd264128d082,1641523204
0x6e6878498e0033005ab8de0d48813a4ab6419f14,1641525185
0x541aa1c1eef7ca719926865e0f89336f7ffc0e05,1641526126
0x27cf38332d64d260b42cf88f3d9d94de1e681760,1641526146
0x83b37ddd795667bce5512a1822b8b11ad1fe07ad,1641526150
0x4bd73fe582d1a623b930d3ade1eede4d5437ea07,1641526506
0xbf4f8dbaa42761add7046586111078bf8b007cbd,1641526585
0xe0171dad0a60c2ff0612655fa57218aa111c10b1,1641526625
0xbce4b441cd9a9954fb77ca7a1fe7a4b0df94e7ca,1641526745
0x27e1c99b070072725bd97a8c0aeaabd94d83e7e3,1641526765
0x2293f8eae5f126786262312b410d813020f2ce2a,1641526810
0x9ff63a840d278eb455da769684dd509661cd9d46,1641526863
0xc91f8f860f80660af9b19f8f4e335eac148db586,1641526887
0xeb58672069ecbe5e6188f9b034edec54be666805,1641527044
0xd58d6fce4c27ccb96a27d337b5a8acf10229fdff,1641527184
0xec84ec3f4146801a3060ce2496f0da34f2c14832,1641527205
0xea325c8a1c9d523ab69555d3f3dc5c624392b830,1641527526
0xedd825ba58be34d06d89f5b3c52bbec3b5f6a46b,1641529266
0x47bff18e462912ab61a465b2bc229e3857491aa6,1641529665
0x4084380f8d4b6d123325fe7c12144a5f29cf9b6f,1641530426
0xfba4d8b989058c8662e641d6e1eee47a46b2d6d6,1641539269
0xebc1de04a044c34d549d668bf7c0520d6ea1be4a,1641563205
0x8988b705bce92103d4bf995ba53f6b7589a48be7,1641570844
0xa9003343a400841e34f173506de629e6ac199b51,1641570985
0x54c88478b58c5a42f126221153bb321232b45eb6,1641572227
0x1afe8b91439d9bcfe5ab1a472887b6178639f648,1641572467
0x3f9e0e7e11ab5e3cc0b9c01752fc13a033ddd4e0,1641597907
0x905700624e1b7caa33eec851ea361b3b72783b71,1641654283
0xf001bfa4b82f08a8146f6ca240a1da7e3b9ad141,1641654428
0x585a479d6c2e33282820e00cb58f8206cb010fc7,1641654547
0xe30d7d63e3db90c027f32dbc07b1e2254d7b37e9,1641654585
0x5b441f7ccf29ef51494008cbab224ffd45e153b2,1641654591
0x337a855399d29cb0f3f2352c34532e035066fc53,1641654885
0x065bc2199532f6d172a078ae2db50e2e7e805512,1641654904
0x77e2d5da7fb85093f91273afa6f175a7ac102f04,1641655045
0x27aadfb1ea815e0b8926ae84ef891d7f0424662d,1641655085
0xe8782e32f1eeafa94e90704ea6dccffb8bcd5849,1641655627
0xb882ee655a3390615021e611fb5e2cefff04d87b,1641655786
0x855af9c4b7f793dd589311e1793b7a36cd8bc053,1641659687
0x89bda64a7c2e60b4b3f62115de8aa0b9ad387d97,1641659826
0x382d9d4811c7424cdd9388c163ed53b96604ea54,1641659830
0x54c99a08b3d6aa1197f804466974418e07379689,1641659965
0xc3df23d779100329801edc5b8599ed83eed6be5b,1641660548
0x998ca78d2d0b4c926cdd2ee8f684c23ae7c31465,1641661445
0x3461f14d198d5cab858729f194732af468fc8150,1641662206
0xaed0bd15e6b8fd728b2c3652453ef61d3bde2a0c,1641663505
0x3e7eaa58188f5c61e4f89fb6b131a68757ad693e,1641663585
0xf3fbb2c0a711529ef9b81fe59a5ef5b8f1e0eb27,1641664525
0x4e94edf67492efb120aeafc81d7968ea6b2692bb,1641664906
0x61c95d4a41481dc4161c44f96e5493c07f3e9579,1641665465
0x9c88eff73f8cbe1d51d10aa336769c507e624258,1641665646
0x8f860088f04819021d4a019492feded10476448d,1641666524
0x667debbdf92d4d2d5b5b23af3419ec3954118e98,1641677025
0x83e4036752451b10640406c1c78f4ad2765ddcd9,1641788825
0x56a6b552e15b467320519decfaa283be8dda5579,1641812846
0x4993d6b3be115359d90021dc42442a492fbf650a,1641815827
0xfe8eef72c16982c9a7f0142f90a86f44b812973e,1641818507
0x209aa7c8b812c519a77da3c088db1a525d19258e,1641818526
0x51a38e47b24ab983cf413ac021f5373f3b9c8eec,1641818865
0x981f7cbcc36e9a64850958c1c1e49dcb5b5d1481,1641819106
0xc5bf49a3f6567009146222a73ed9989569bbb057,1641819184
0x0cf09c645cbec84feb3456b291ec17ac50774fd6,1641819264
0x64fd1a0ae45df5daf03b1791fcdb5a423bea37d0,1641820444
0xca6a43549264c68ca1f0b5530c290a293afd05d5,1641820585
0x5b54e180c7a2c7e22733fad77786dfee3bb959dd,1641820665
0x8adf3fa3228b9c098f00b7fc0d57be4ece548982,1641824106
0x496563b1fa5f7c97b91d21cf7edfdc7d49bc0443,1641824346
0xd987781a9b034b4651af1c883268469c9c176ce2,1641824525
0x757df2c060ec6c7ba898fa6570aa98c1f46294ba,1641824563
0xf4f1a5679d113dc93732c89b69ee5ce5d12d18f2,1641824585
0xdc9ed5c9e824b79d94a157808d9701c8db695a25,1641824686
0xdd003997b1a800b3cdf064f4dfa0d6e8ee17dd7a,1641825548
0xab6de72422e931404b0d55b2f0e2bbc0305fdced,1641833927
0x396ee2bc6183833e4f6a58a2435cc37b79ada96b,1641836025
0x9dc8a16eb2bc0b9a4dfd5cc53d86e42ffe65735e,1641868133
0x61e96361da1bf39ce69810a1aab6d8dc3344a9dc,1641921246
0x7bf4f611d7fc35403d037d55be4b40338dbbadcd,1641979667
0xbbd7b3f1d3f3d9de4ca07b247d1ed2e68eca3959,1641981745
0xec36454a3449d960f62e7c5127cc8eb115d5fed7,1641987805
0x9bf7cca83b469bcc79992b18cbb68722560f73c7,1641987866
0x8f162a923d15d3402fa2c5bfd49fb76ca1b1c6c8,1641995205
0xb6bf31322d119f5061571cb4c54ccb299b3ced75,1642015285
0x9658eaed4fc05c7a7d442f5d42f7579834dbdcf3,1642043825
0xd69f4bc0a1adac301e69c6ddbd4cca9a0808923e,1642087969
0xc6dbf44096e60e9947c9e0e4a190e292a2cc4383,1642087973
0xc7de3f6e3e24b3e35aa762f1a049c53f0988fab6,1642094412
0x433ea2df6d7c567b1dd55e3fb99512222cb23d95,1642094469
0x3d446cda1caf5953e287e320bda175d26bb60d01,1642094487
0xa4e8b4eec97643676ed87f413e9a63dcf3f4d985,1642094707
0xcb5028a1cedc7cff2a782179b8974353d7bf4dc8,1642100268
0xc7b20dc1e847edfb5adfc46084f2b290351ec77c,1642102889
0x055c67c1538561b1721301bfacd762cf3774ae86,1642103048
0xe268e5c7b83405bfd8f9e592bd12d2450518fbba,1642103088
0x300e780479437092cd0a40a6f3b7eae5dcd33226,1642103108
0x5bcd30758e7ef9f15ddc0d5ba5e64ceff3f91d5a,1642104588
0x8843ab51e125ff7c3a86afe2e3770e8763d87a30,1642104606
0x686661874e667c7cbcf30a01dbae6a90a2d496c3,1642114667
0xd10545b418782460aec32cc11d510c4e83d7d1e6,1642114692
0xaec473930200fb2fbd593865ef0795148286c7a9,1642118705
0xae551d73161bac3315c5ade0e2d499a44ebe2236,1642118949
0x04813e77a7bf8c0e3c995e55f976f3c08f3cc69e,1642157965
0x47af52916767f0550aee8035b5b14a1ece2b34f4,1642157969
0xc9080ab325dc625eeeb34229ac0c0c417b165a34,1642158105
0xd74896c519d296d655abade3355f22b94487d9fd,1642158127
0x2ddaab93127828f445f65c8d176b06081684683f,1642158132
0x6defa66e2cd069059f59ce3949702dd41b02d741,1642158245
0x96bbbfdd1efc9982cf06d43ed6c5b3e7bff39674,1642158527
0x2ec4fe780501684d8f17109410caae8a9d293de2,1642158668
0x05efce66a7ea9586eb99d1ea5cc149b56e5973a3,1642159389
0x171e4ec1154ecac141856a2a184209ec4536d1ac,1642159406
0x73b085ed81cb4f15b16e47d56e4d04091fab0af0,1642160385
0x6c3fed60520d7de8761e095b7993602f2475485a,1642214584
0x72a9ad784e49451e85894ea48a4214441cd15ff0,1642262768
0xf94dceeb045e0ebbee2d477d5e3fb0250b43a919,1642262826
0xc590d299f6504d76997b27ca0de933b2b6afb7e4,1642304306
0xdebf59042f51e73ffbcb7cd779ca30f5d24c984f,1642343845
0xfc4ce458a946b366ca108957c7e17f5d6ad41ed6,1642378966
0x49bde4292f81d7f7e28ad4011d36cce7f307d4bc,1642387345
0x2cdeb0492b2a3dc8667583b22a470bf2b10e9dae,1642390345
0x2eb73cdf547e81789edd0d2670ae8bf045d52e0d,1642390645
0xf7cbcf9afc2c1a818aa7b1ee3e954e65b0b9e0f4,1642391545
0x791ee8e5ad90ad781b5140d7881aa0a15c594e1a,1642392144
0xecfaffaf3ea215ef1f1b33a6a1bd1692a414e986,1642394225
0x2d35920ceef33b3373643de9eba61811c6ac96b7,1642394284
0x9ec272603e9c97c037e15752cc70e7582d55df8a,1642395845
0x6c00270acc349bc5d15a945d2ec75bfadc54f23f,1642395850
0xa6f9a8e63e0ef1de069b8c740d17d5ede33f4672,1642395964
0x1eba4156edbc932dbba3ab346df0bc5dad090ca5,1642396004
0x44e8656eb073d58da666217009f2c9591682a4a0,1642421506
0x6a1a3ecd04df0ff2d7cb25584052cdd173fc609b,1642436205
0xe1f4b20bf7a7e5fcc77ec512abbb4c7db77a2857,1642436209
0xbbd09ecf1f064c070930129713350dce79a3ca3b,1642436285
0x9da1a931a572776c98dc87e7d9aa78784f875866,1642436290
0x7ba09a0449102f7f2e6398132fde0ce35d1bc985,1642436293
0x3c36f8d1a06c6c23bc40bc497d34ff2a9d0139c8,1642436346
0x2eff7635dc53a358be02f14fe222984c18bd5650,1642436406
0x199f9788e458e34554fe46f0a451c361136f4372,1642436465
0x2877d76c5ed81df12de7800cd2df0423359ad392,1642436505
0xac5bcf653bd20ddc39f42128d4d50cb085c1e886,1642439108
0xbac4d4a31a24153864f4158936daa02fd2acf9cf,1642440087
0x634b8ce5d5d6954964e53cfc5d5d1bd2df4d2a90,1642442805
0x791e946d8fceb1822b6a0d7d01c5f1af68157163,1642456125
0xfec3c1868119ad3af641997308f5a9d5729f11b2,1642496424
0xeae4ca100f02e856a9f3f4b7ec1a6bd5a4b08fa2,1642496566
0xd408429e6ba2ffbff2b58e31c4a9c0793fbb4399,1642496986
0xcd081fe01bb797c2afdb01b0e3a62ed3fb8900d6,1642497744
0xc694b6bf1e0a879423f87d50aae21fcd29ca2602,1642513604
0xe15f631db1258aac42e4cbea9fa4ef3c49065102,1642516525
0x794b769d5c7e4d66d9a8d1da91e9cb7a94bb18e7,1642516626
0x4b7477e3dc7269fc906a9a9d55fe8ee5a214be2c,1642516726
0x3eb3afda3f2c2f654419f01ff3eff937059d3f50,1642517965
0x2fb83b964c8811667cce8ce12d724a973e8a6ab2,1642545426
0xbf9987d0139cc41e49610134714adb5f7efd9333,1642545906
0xd95cc57dd5289b01484140debcedc4ee9d8a8f11,1642576187
0x3fad8bcd2aea732d02a203c156b19205253f2a06,1642576207
0xa1584955500758e025019ec1ebab0df3dc307b23,1642576325
0x6f58a3743357bc488d9b14fa875ea91e98439dab,1642576331
0x6e6368c64c11d492d83a3120964354104bfb8b7a,1642576389
0x64558265591c000f6e88e3ea808969582719b4e7,1642576486
0xd0970c47ed5bfc6dd25db47bf977a08ae0c29619,1642576566
0xe29ce1ee78e2c4fbb1045a4d409f6077b21e0cdc,1642576625
0x9a3d06da3863e2c399d6ad888fff553c0bf83d00,1642576804
0x32f130d2e8f0561d292cfd90ce505fb063e303c8,1642576865
0x71a76244151fa724fe9216a0e45cd4de106a133f,1642576927
0x8d7034f6650bfdf149fe9dac386d39898b7aff90,1642577227
0x6790f4a8727bd98c50babf9e64a794c0a849f705,1642577385
0x0de49a0983190d1feadc8ff5db8e3ed7c7f61914,1642577444
0x5a21becb8fb509416d25f1674ec44c16769b42ac,1642577449
0x74d38d1e31f55b9c4a53a4aba405fc6d7e2c1470,1642577466
0xd819176487e122fba97fbfdb179e06f84ba0842f,1642577525
0x9e953c2239b59afc69e21b2cb445e14795db5a93,1642578307
0xcfa9abb5482addedf0155ad27cc5a794239401be,1642579025
0xdfbc75fd4d59c8dce3b0cb7207ea973eabcd158b,1642602825
0x99697e5c8fcc8601531c348e54f39a6cc3ddfece,1642689366
0xc52c5784a69bf31088c723ed9eb7d203a403b827,1642689425
0xe9d6dfa58d0d16fc63ea74c310fded08187ea4ba,1642689865
0x89dada5ac6e4adf3a5fb3cdc692057cb6c017ef8,1642690024
0x69659966cd935a01e29902df8dc721ecefb8d591,1642690711
0x03f4f523cef4f6d6cd4729d12ddd2f970d334ab3,1642713485
0xbd8143df95f8183d75431382290562c04950636f,1642714424
0x722f531740937fc21a2fac7648670c7f2872a1c7,1642715026
0x56c49b03b0b892fa13e533d575c08c0fb38a3d53,1642716066
0xdf5f00d606ea5fb2b4e69a97a7a001eaf093db04,1642718947
0x2d078c2766a7fd2f19c8b1770c20658f1c2625ca,1642719007
0xc62c0d68a7306a0f54c61a5f8c5b7ca59ccc95df,1642719124
0xfa572b05078c2886df184aaed25e3877d1ef29b4,1642720746
0x3fb5da839710949169d716d95800ff6316b3286f,1642721187
0xb849a47acbff13bc24255ed5db17918e04c9510e,1642721246
0x7c7dacbd3287c69fb58d15c5dae73cd795b97ed6,1642722883
0x07364d2dbc220d48ff2ac78efcdb4882770858ff,1642722891
0x604115c5e484fd8adfd79123817e48257c96a925,1642722928
0xac830c753f67ead0646e039771e9b65abc2d2680,1642723648
0x7a0b82aa5b72aa2b8d3647c7e580b205b8ba03f1,1642729247
0xaf0f55c9826559dd44e966a19bcf1d7936415af5,1642729271
0x54ae394b2281bfe7668de330b649c243d2cfc0fe,1642729414
0xfd85f3e1d4ae339ca9148a45a3ec9743d71a5e7b,1642729423
0xc87c7a764ac1822486bf7296d2b06410dbc5588c,1642729565
0x5a6f23f9ae82024685d11739c4e76077d6167f97,1642729669
0x4afd2887cfcefc8e7ccb204f82c3f6897ebd4a94,1642729673
0x149d5beb0c42af0c8605c632616b872c5c5d5c17,1642729768
0xcdcf2f9fd890044f9c73bdc45cf86adc20f3e02d,1642729827
0x5c48be5476d9f5292cf83896c5a130fc3628c35f,1642729833
0x155017465c589c3e1c0e9ade355f25730f4bb1c0,1642729871
0x2b69b302a7e497c9330cf4f20f13e682691c4830,1642729985
0x4fece0e8475bfa7b0e51372f42780d41033546d3,1642729989
0x0caefb7c2c0a81b5cfba5f7380c2b40b7afac7dc,1642730050
0xfb67c25e0ae84dbcbe7c9b2bff9604740b4c4f0e,1642730056
0xad097b4d01d88f48ead9446eecca314ff50dcf7e,1642730103
0x130dd54e30ab2e82d3271b46648da99c71336f0b,1642730106
0x701d3695606d6b673ed8815ed55945dee96ecd71,1642730134
0x13376824dea4ea56beb99fd0f46b6e24c46f12da,1642730144
0xadcc9add0b124cd933bfed9c7e53f520933d0fb4,1642730290
0xdef42a16b4aa6c405415cd73c8be0723c721b8ba,1642730428
0xa6747fc661f268e581cdeb46f3f09a34e1e5346d,1642732265
0x29154b2ae9be39c7cbbefdf67e10450465563717,1642734645
0x0e873c65d83c29918a4e975d234614184619356f,1642734848
0x5fc3e8fb3c1a062f394a4f59a94b04e6c8f578c8,1642734889
0x86e3bec82d12786e3cc3bc83477ee7ea12b9708f,1642735489
0xdcc1f0af33526f1fc3905fb0104d81919d2e1571,1642735489
0x71b48188b32ee105ebd91c92f60525e62e2224a8,1642735511
0x96fae158cdb738778f005fad2e4d0b632d87472f,1642735568
0xd6cbcda03f68371dabf3842523fd376cb8b72ac4,1642735607
0x73c7e7199a3e35b358ceeeb514bb96dda38cdd55,1642735612
0x5f15420e1bc73d04bef2b9de843758b6416a2d15,1642735626
0xdb1bf5cb3b4d3f55bfcb290f079178c81692d9b5,1642735767
0xd092db41b3c6644a4e57d9fc1a1778df1819423d,1642735866
0x0f7b8327c220f32347b0a93818f347a9e55bb23d,1642735988
0x67058558176b3015b66dfdc8f70d351e2ed7fd9f,1642736064
0xbc216321414db5c47a4ea536ac9d954146449abe,1642736089
0x037ede1259b4fcac83332ffec0ef2902613e73be,1642736145
0xe5636835b6926b7903524dcbe2eb1d360351e914,1642736165
0x8879610b84998f8b564949b21effa51c25f92217,1642765907
0x8cb58b5531b00fceac5d8b714de1580706cac4fe,1642767247
0xd476ad9efb7149530e49e9fd128110cc521325a7,1642768128
0x6914a198c277d29ca9802840aa739eef75271a09,1642768246
0x353930dd6eff69470b75664230cdb97dfd0ab6d1,1642768485
0x470e3cedf5500fa3c0ecf891185b9cd024a0be68,1642768550
0x8aa513465ed9eeaf626b368600c43180a354703b,1642768555
0x2fcf6bbd6f9e111fdb3a72f384bc856a65927775,1642768626
0xc560725b709485d03e9f05b5a16c2e69d7f55a07,1642768694
0x92948b0c53131ba083d6488af5ababde748ba001,1642768766
0x2cd7162a6668596c0243b2c2f0c1aa8f96d98061,1642768807
0x597a54204656358317985a80e0bf4952d16e1ccc,1642768849
0x02a3d1102024107de9c1b9e39e4b94056abe4f1f,1642768854
0x68772431a9f41b9938d1d941746818dd7e7dfcc4,1642768932
0x0089f9bffa6e119565fb221dea9f6fa424898ad2,1642768936
0xa6a33d78266d5354f48e5520957da1fc81669a1a,1642768938
0x7c910d8361b11a650831f3cdcd1d20edf14dfa06,1642768942
0xad9639f05189c7a0a8c6197f2b6cc1e7f717de5c,1642768949
0xb3aeba7fc075debcd37bd6743f1dbc4ffd6babfa,1642768970
0x9aa609891eee16b9acf20be2328644f46f0e0501,1642769052
0x43f15fba9b57b5d6eaaf5369508ed461c526c29e,1642769174
0x8560ccbf081cd9da287061fa024e00b57d56020f,1642771986
0x861f6b01482e736aaf58983c45b4c87eb9760b3a,1642772008
0x2c8232d41b4876e96a3de753eef7a8f9a5fe4306,1642772046
0xc8e93eaedbdca697de84249632261c8ae4a187be,1642782290
0xf640f77a9e5735ce4934351e1cef718f66d7fb63,1642793826
0xb8b8633d4cfd1983ac2ffa6843d9e556414d9a2e,1642796168
0xb8ddbc7331308f796888b0dc72b35e112a2949dc,1642796171
0xa641475da364ec7f6e964ff6e2400cd14e13303f,1642796227
0x6da0c6a8889089c9e466be8699992f19f0e18e3d,1642796293
0xa104a9cab07a83a7ab6fff15b1d1acbb20bd6872,1642796323
0x218f2fd0b94d83056563f5bb658a4cf3e814cb70,1642796349
0x3eb16512ac9e60b030ec04aec7411b0aef0ecbea,1642796357
0x596888345c9e3c6f7d0f4e5d8590941e2cab52e8,1642797114
0xea15499975dd85101b715ee4a35036f3fd3a5c50,1642797119
0xffcf75bd0b598fb0ae994d81955da7c032e7d1c1,1642797137
0x898854081e6f9c0f546f0eb4c9c601961f6cd6f7,1642801025
0x34fc4134dc4956955164d8f7ec08d0f78955ac00,1642801031
0xf59e78f88bb14c8da3638c4d9c3906c26c9bc1c3,1642801265
0x984de65b9f9499dfb166889f0e9e15f6d779a1a7,1642801268
0xc128d0f879827efefc060192f2cd28ff3443915a,1642801314
0xe7b87ae1357dfe12a98c751c7a09c1ad76ccb1d7,1642801390
0x9a0c16cb8a9901b091f6643ddcae42707e8d53c0,1642801451
0x5b6b0b2a6afa6287944f80bd0017d251139941d3,1642801457
0x17471cf6c7d2608cab128b060997926f0659dfb6,1642801463
0xb09c48582db808c8043d0eb982b9610d79d9c0e1,1642801505
0x3538e59e3abfcb5225f0bff83073baac587caf86,1642801572
0xb6d93638549214b37ed9a56f4b562509bbb1f9f9,1642801578
0xcfcaa3a49c8617abb81e6f3fb7e52a2ccf91e73d,1642801590
0x2e7be7cedcc0c574b073b16974cf36e9d8287f57,1642801614
0xb446427a794a23e0e29b1aaff3f80b7fb7f901cc,1642801640
0xf85452215e000476859788a639a596c42f928203,1642801777
0x0dd2c569070c6009cfa87c6fd0782c15e9585450,1642801807
0x69cfafca9c889d6efc1acc5651ce7a5ec6cdc231,1642801847
0x939805e959591040c5c45b9da58e365a76d814e8,1642801907
0x97b2ee8468eda39f14443f87fae166af35b9030d,1642801913
0x422fc6d98bfc720be3b9c594a324dbdce79c9967,1642801925
0xca91829966f9889274c7e2ad6490cb34cccc88c7,1642801928
0x32939abe7340841cf2b78fb547501b5e669014ae,1642801986
0x64454fb0cd4861e55da09e032424841927740ee5,1642801990
0x520e534c746c1a8dc74f8bdb163474940a0d9841,1642801996
0x7a352ec165f10afac3a492aad18a8bcd06bdcb9d,1642802027
0x2c4fe365db09ad149d9caec5fd9a42f60a0cf1a3,1642802060
0x1d7cb25b55c2e62311f254f33faf053979c5fc04,1642802065
0xdd66262df9aa1d62ca4957f904c715124870bc18,1642802169
0xf4143c856975e50a8e43b2ca4fe77b593aa2b456,1642803324
0x5d3a4242f7a28fcae519651b4ce4331c172e7b29,1642805186
0x12eee17bce3a8670537ce31aabb30c79a4202b53,1642805465
0xac878c0f60dac4cd72a4956da2a3c8a46cda1362,1642805508
0xb8d71e5bc0ab19a15d67da2a66c8ebec8e75e567,1642806389
0x8e4096b969636c43591b509e34c408a7682bc03c,1642807146
0xa53c59ce779a1db1150740cf1951108f97f144e7,1642807444
0x3f6e4667fec54733fb3b15993b9ce96b69b65cb3,1642830104
0x77a56ce6020f4c483f3c7deeb7857bef68d80c44,1642830565
0xea70c7adf5e4a75b626d820618cb37e8d43e7d00,1642830931
0x10f586dcdb4ff3e86bbe62fb4fa6c096a88f4e0a,1642831067
0xb5d6cdec20963882a0d3def5a60afd3223ec48c4,1642831226
0xe99bc74db1dacca4b6cb785029c4738d184001c5,1642831229
0xb49776081b08b46c568d13ced39a1d2205476485,1642831687
0x784558e415f9345225862be30295164dce312afd,1642832230
0x5dcabdb86d93393ec85db5f1b987c90ccad164aa,1642832583
0x667030a0a91511af534760c46351357b7356f375,1642833245
0x264b6b1d31f95c01876c17a8b30d3ce68df1371c,1642833248
0x35553e2ef6aeaf026173dc27745dd3ea3541d3d0,1642833253
0x095993cd594eeadd6d29564320419c069f75a7d2,1642833305
0x86763308d5d7a964f2852acea4831b709ada0b09,1642833547
0x5e9ecad0e037e37677c0ceb6410bede99ec1aca9,1642833550
0xcbe9f59ec901944de5ed3a2e1b5b0099a100c21b,1642833607
0xe24789473e54a76b65f4df1b16b3836671f2e786,1642836469
0xe06ea9a4fcbb05e5b0e43298bf42bd631986c8df,1642836607
0x21b65f19bea60f29e8a530b416e44b3f9736cad3,1642836664
0xbca75743109c4e24ce6ba4e0cc7c7a2bfa8d8904,1642836770
0x53b015573630d248a32b11b21e5443efb92d9cfb,1642836786
0xf343ff0aa3ba4488caa016525b4a838c739f60af,1642836944
0x2afe43ea31aa0a3e460f2d9e3ca1969e36b1aad1,1642836946
0xa63c8dc996120fa2b0b729c7b43be05b513315d5,1642838484
0x30bc8115a5dea04bb969934f0a22e7ce3a556974,1642838510
0xec86b0cfef9a8533197c19663de0b1767fbefe07,1642842787
0xefd0199657b444856e3259ed8e3c39ee43cf51dc,1642842944
0x9f86f9b75a4141ddbc8a31d18743d47d9b03b478,1642844047
0x87f3838742e5ff8958d7ce92aff4ecf07a1edcc8,1642844646
0x599bb505a3ac0403fb51e81d2dd5376f9d19c6d1,1642844750
0x1ee194948461b74488044a8fd8f7afd926cca6bc,1642844885
0x04d52e150e49c1bbc9ddde258060a3bf28d9fd70,1642845167
0x97cdd8176084b24ae8a385d4ea9177c31ba0022b,1642845249
0x1fbe26f97587005440271589e7bd5f00f7539c24,1642845305
0x188c30e9a6527f5f0c3f7fe59b72ac7253c62f28,1642845367
0x220af8975456bbda3083adf3da3666f6bbbc25f6,1642845567
0x5098f3c352c53b263f2a73a0cc75a9186963233b,1642845706
0xced7324a2af3f1c07d4bcdee4e6edf6e07c8d278,1642845785
0x37c86f87a71b2d64fe699bc6a8ccb11ec6a0757b,1642845788
0x6b545f95840093eee6c26c766b33822e1ec9de7a,1642845846
0x3fe567ba7a1e3f750494d421ffab41b26ecbbb2a,1642846168
0x556c443dd91ea0854cec582781072207533d3efa,1642846307
0x209eda3c537478200982b928c2af54b2827c0fb3,1642846329
0x5e24be0f3d7724b8ce8fc669e1bc1529244c8cfd,1642846425
0xf8a45b894b8f28c53e97fd309cfd7e54a17e0c65,1642846429
0xdb302fba76657d38d205bf42841d5d8eb8d2203f,1642846485
0x69da473064127a05167df1d0b748b2f34eb20751,1642846507
0x0aa3e7ef3918ea0054fd49f36b205a00d19d77c5,1642854085
0x811a7ec8fa4938564451dbb0c918201b4ed30421,1642855285
0x034163cac4c27edee357e4dd7a3fb259e6f7cfed,1642868305
0x0d4dbbf6bf5b2f850731f906da8895ad679f838f,1642868447
0x259027001b20f44adaa71d57fce2c57147b4f054,1642882566
0xb9e0afa1e63858c561a5960e85741678c7b9e5b2,1642887205
0xfb092079186720e16604e6db098c58d042bd4350,1642899285
0x999421529bfccc122ff9e8a08d70b9bb296e0afa,1642899587
0xf6e9eef00e4b70e474cbcaef471a0f8f16d66651,1642901525
0xef511dd9880910163096eb0dd6408fd59d3fc030,1642901708
0x7fd4ef1e5d1e37169125cb0276156f17748b4eef,1642919187
0x26b121dede18092b28a84cca0a1c432c9d22fa91,1642921886
0xafa3cb4aed86b03c850144455bd89bedeae17ecf,1642922005
0x8d7bbe2104c92229673688d42df5c46c069d40d7,1642923644
0x83691749f3b1f89d070d63358265af3f1334575b,1642928466
0x7a24c11b23a86fb60bf7d432d4bb1ec24669d895,1642928845
0x039dd9dc0a603b6cb826fa9bd6bffb0708474ef2,1642930206
0x4995b5bf7ce5649eb3dda12f8653d9ea369a88d8,1642949644
0xf2f2c09cf65edf9a21e3b67e94101afddd1e623a,1642954387
0x21385bc5916ac6d5173e4cfba867615e85cdd316,1642963849
0xf3b4ade14d14504dd2520a0107d04cc3c0b8d4f3,1642963928
0xb52b3fb12415ec8bae11cac5f02dca9e44521fcc,1642979424
0x69ee985456c52c85ba2035d8fd8bfe0a51f0e0d2,1642979587
0xf2da8b05f3a9d20e3331326ee48d19a21842dfeb,1642979784
0x2c812daf5b0297b935a287ad27340f2b37939f2c,1642979824
0xb747d0713e54a3322806e0f828a76a970d90a7a5,1642979887
0x3e87d4449e7529688141616f4415bb57f0387c0b,1642980367
0xa07479b2d0272e210ec5e40eec3767fe4e60183a,1643010465
0x0b4e17e24dc5a3c8259d31796e7953b69b00a78f,1643010546
0x9bcca488c7409a723f2562733a778ccdffa689f8,1643016168
0xe802e578ef94f0b9fd89d5b7340b8e3bee7e3b77,1643016364
0xdf1ccb73a0fe23a5b8f7b75647fe4090bf5a910e,1643019028
0xc30acd5ccabe802370cee5765665df679ccf667d,1643019068
0x7b5e7553ed40d1062ee948f577247b9214fac9bb,1643019112
0x57ea75ee1ff223bbeee929748fb6ad6b6e3eb44b,1643019847
0xc2cd825e3e5348b541f3ee315636f95c9d2707c3,1643021705
0xe7ce1c48c62412115f212de69860b063765de10a,1643021766
0x2dfddc72b4a0b6027282539ed22e6239268c1cfb,1643022086
0x2ef77fb13509255f94043e7cc3113b8d56c99cbc,1643022147
0x54962fb1ba5229413777fbadd4d826319e68c065,1643022151
0x0de876142a642c3a704a2938fdff8bba7b3b0586,1643022247
0xa284e980142f9d1f0e884f0bb68f5da6bf2813a6,1643027088
0x224e69025a2f705c8f31efb6694398f8fd09ac5c,1643028725
0x3707aa64a35fe74dd4a21bdca160071929f6512a,1643038704
0xb5af4bcb676bebf087a4143b33af289d1cf7ae3b,1643045967
0x000eac5bd8107971a7f507bfa11724deb133063a,1643046346
0x330c35896d43e02348a1751b39726b679ded80d1,1643046765
0x976c8de4639872612c407ab3f8831414bfcee6ff,1643046784
0x7aa7a54d58c8b2f2a8559301c880d3ced10b7e55,1643047228
0xa7dbee7f9ccdd8c91b75067cd31cf0b6d594fbfb,1643047808
0xf3ea8ea3e2c0b83626da4ec6730eec3ed74b0b73,1643050165
0xac9ed44d8e8acf6f537de47fb7e3ab456db036bc,1643056828
0x625ec8189a41132eb43166929f9c8b20014f74cb,1643057727
0x0cbf262c47cf9d2457e518a7e5b2c305f44af2c2,1643057747
0x1cf33c63eec9dfd85132bed6c552ab088302d072,1643057765
0x7ee72ba89de8d67736319f445636495fb52dc063,1643088863
0xab820546586cf0ebc7931449998132edc2e480f1,1643104563
0x0d85ae1aa7ea7e7e73f0274d9bdefaa2aea812fb,1643104704
0x2e2a5f6bae8de7606d9174f6a4b0acca62a33baf,1643104745
0x49cf36a94d1ca5b9267ccbfda5f352a987e022b9,1643119768
0xa35c019356d30594ad4a81a848b42981431d6aa0,1643120487
0x6c67f74a751583dca9bc5a103021061192904944,1643120645
0x343ba440db35997170cc6402692a0803c360c48c,1643121605
0x525a22de76b84a6b044a41b55b0ec6e2a55acd6b,1643131389
0xdf52cd5bcc4c1bf3d439d185fe5fa1caac32f7e1,1643131531
0xdd25249bac3c16c4dadcda19cb4be2b2c87be31a,1643131548
0x6fe7772bf093b9f217fcd1a8dbe8ae9e8cac2b32,1643134205
0xa876cd9e1e30abcce2bfe66037c726a2517972d4,1643135665
0xbf472d29885e5e07a7068942f2b26fea893560ee,1643146346
0x46316f40ba6f11c8fe49b31b307dd9ee5cf9f7fe,1643158806
0x5a66563fc20df84bcc3fae075e7e7b1aaa8d3489,1643169026
0xc1ed2240136712cf4ccdbb22bcaef5981449acdd,1643172805
0x72b48383c4d2fc012e981156678e7851fae22063,1643172847
